county,state,deaths,population,crude_rate
Autauga County, AL,34,920175,3.7
Baldwin County, AL,73,3104213,2.4
Barbour County, AL,14,499605,
Bibb County, AL,14,397480,
Blount County, AL,74,997776,7.4
Calhoun County, AL,45,2074478,2.2
Chambers County, AL,10,628932,
Cherokee County, AL,27,455087,5.9
Chilton County, AL,16,762939,
Choctaw County, AL,11,258321,
Clarke County, AL,25,472909,5.3
Coffee County, AL,20,857552,2.3
Colbert County, AL,33,980863,3.4
Conecuh County, AL,25,240060,10.4
Coosa County, AL,31,204784,15.1
Covington County, AL,19,675450,
Crenshaw County, AL,10,249207,
Cullman County, AL,96,1431088,6.7
Dale County, AL,14,891572,
Dallas County, AL,53,790398,6.7
DeKalb County, AL,31,1237877,2.5
Elmore County, AL,18,1354531,
Escambia County, AL,40,683449,5.9
Etowah County, AL,44,1864778,2.4
Fayette County, AL,19,316518,
Franklin County, AL,11,564069,
Henry County, AL,34,304556,11.2
Houston County, AL,35,1750954,2
Jackson County, AL,60,959194,6.3
Jefferson County, AL,758,11854635,6.4
Lauderdale County, AL,56,1632135,3.4
Lawrence County, AL,19,614698,
Lee County, AL,43,2418094,1.8
Limestone County, AL,38,1404371,2.7
Macon County, AL,20,391167,5.1
Madison County, AL,143,5712479,2.5
Marengo County, AL,24,382442,6.3
Marion County, AL,12,551156,
Marshall County, AL,89,1608450,5.5
Mobile County, AL,533,7321586,7.3
Monroe County, AL,46,417677,11
Montgomery County, AL,78,4070088,1.9
Morgan County, AL,93,2091395,4.4
Pike County, AL,18,569863,
Randolph County, AL,10,407079,
Russell County, AL,61,954636,6.4
St. Clair County, AL,15,1394254,
Shelby County, AL,36,3251987,1.1
Talladega County, AL,60,1464637,4.1
Tallapoosa County, AL,25,742735,3.4
Tuscaloosa County, AL,88,3331999,2.6
Walker County, AL,20,1220606,1.6
Washington County, AL,15,314819,
Winston County, AL,14,440476,
Anchorage Borough, AK,288,5086641,5.7
Bethel Census Area, AK,56,305095,18.4
Dillingham Census Area, AK,12,88068,
Fairbanks North Star Borough, AK,120,1674452,7.2
Juneau Borough, AK,28,565490,5
Kenai Peninsula Borough, AK,114,967925,11.8
Ketchikan Gateway Borough, AK,21,244924,8.6
Kodiak Island Borough, AK,12,245177,
Matanuska-Susitna Borough, AK,122,1460037,8.4
Nome Census Area, AK,45,170387,26.4
North Slope Borough, AK,24,156269,15.4
Northwest Arctic Borough, AK,23,134680,17.1
Sitka Borough, AK,18,160074,
Valdez-Cordova Census Area, AK,10,175788,
Wade Hampton Census Area, AK,48,134565,35.7
Wrangell-Petersburg Census Area, AK,10,94972,
Yukon-Koyukuk Census Area, AK,32,113665,28.2
Apache County, AZ,55,1264505,4.3
Cochise County, AZ,79,2262980,3.5
Coconino County, AZ,54,2329878,2.3
Gila County, AZ,24,945055,2.5
Graham County, AZ,12,637527,
La Paz County, AZ,15,362696,
Maricopa County, AZ,1818,65870582,2.8
Mohave County, AZ,117,3391727,3.4
Navajo County, AZ,47,1883444,2.5
Pima County, AZ,522,16943415,3.1
Pinal County, AZ,131,5426182,2.4
Santa Cruz County, AZ,10,791699,
Yavapai County, AZ,421,3598384,11.7
Yuma County, AZ,46,3330723,1.4
Arkansas County, AR,23,351010,6.6
Ashley County, AR,25,402862,6.2
Baxter County, AR,31,724840,4.3
Benton County, AR,51,3659138,1.4
Boone County, AR,37,648068,5.7
Carroll County, AR,18,481058,
Clark County, AR,12,414455,
Clay County, AR,12,293878,
Cleburne County, AR,13,453632,
Columbia County, AR,11,446094,
Conway County, AR,10,375143,
Craighead County, AR,92,1667844,5.5
Crawford County, AR,49,1060710,4.6
Crittenden County, AR,25,905065,2.8
Drew County, AR,11,334997,
Faulkner County, AR,34,1899379,1.8
Franklin County, AR,16,323323,
Fulton County, AR,14,217312,
Garland County, AR,51,1687076,3
Grant County, AR,14,313590,
Greene County, AR,20,735578,2.7
Hempstead County, AR,12,410121,
Hot Spring County, AR,19,578736,
Howard County, AR,12,249237,
Independence County, AR,25,643809,3.9
Jackson County, AR,14,322732,
Jefferson County, AR,36,1409099,2.6
Johnson County, AR,12,444983,
Lawrence County, AR,12,312039,
Little River County, AR,12,235443,
Logan County, AR,19,402345,
Lonoke County, AR,30,1143301,2.6
Madison County, AR,23,272192,8.4
Marion County, AR,20,295734,6.8
Miller County, AR,16,764781,
Mississippi County, AR,33,850025,3.9
Monroe County, AR,12,156575,
Ouachita County, AR,16,476074,
Perry County, AR,14,185861,
Phillips County, AR,18,409996,
Poinsett County, AR,22,445930,4.9
Polk County, AR,23,365732,6.3
Pope County, AR,34,1069122,3.2
Pulaski County, AR,167,6778689,2.5
Randolph County, AR,19,323312,
St. Francis County, AR,22,507857,4.3
Saline County, AR,52,1810684,2.9
Scott County, AR,16,197435,
Sebastian County, AR,37,2200562,1.7
Sevier County, AR,15,297507,
Stone County, AR,14,218294,
Union County, AR,58,766392,7.6
Washington County, AR,61,3468974,1.8
White County, AR,43,1328408,3.2
Yell County, AR,14,388316,
Alameda County, CA,1852,27090417,6.8
Amador County, CA,96,669014,14.3
Butte County, CA,361,3892579,9.3
Calaveras County, CA,121,796806,15.2
Colusa County, CA,30,370568,8.1
Contra Costa County, CA,854,18548935,4.6
Del Norte County, CA,57,502811,11.3
El Dorado County, CA,282,3143493,9
Fresno County, CA,282,16120467,1.7
Glenn County, CA,38,495202,7.7
Humboldt County, CA,258,2377828,10.9
Imperial County, CA,61,2940428,2.1
Inyo County, CA,35,330531,10.6
Kern County, CA,580,14188432,4.1
Kings County, CA,55,2614781,2.1
Lake County, CA,128,1133484,11.3
Lassen County, CA,45,607001,7.4
Los Angeles County, CA,5228,176708647,3
Madera County, CA,172,2569021,6.7
Marin County, CA,163,4515262,3.6
Mariposa County, CA,19,319895,
Mendocino County, CA,84,1573052,5.3
Merced County, CA,228,4414346,5.2
Modoc County, CA,20,169140,11.8
Mono County, CA,10,246367,
Monterey County, CA,536,7451192,7.2
Napa County, CA,109,2407401,4.5
Nevada County, CA,194,1743541,11.1
Orange County, CA,2173,53834021,4
Placer County, CA,341,5830690,5.8
Plumas County, CA,55,362078,15.2
Riverside County, CA,2024,36329642,5.6
Sacramento County, CA,1465,24854502,5.9
San Benito County, CA,14,998292,
San Bernardino County, CA,1651,35275776,4.7
San Diego County, CA,2569,54667285,4.7
San Francisco County, CA,78,14405473,0.5
San Joaquin County, CA,346,11887174,2.9
San Luis Obispo County, CA,313,4758832,6.6
San Mateo County, CA,151,12910573,1.2
Santa Barbara County, CA,210,7531637,2.8
Santa Clara County, CA,861,31645486,2.7
Santa Cruz County, CA,218,4681546,4.7
Shasta County, CA,342,3144304,10.9
Siskiyou County, CA,123,796585,15.4
Solano County, CA,399,7439222,5.4
Sonoma County, CA,474,8591332,5.5
Stanislaus County, CA,486,9032016,5.4
Sutter County, CA,106,1620646,6.5
Tehama County, CA,65,1096773,5.9
Trinity County, CA,52,240008,21.7
Tulare County, CA,165,7559788,2.2
Tuolumne County, CA,79,994092,7.9
Ventura County, CA,753,14515828,5.2
Yolo County, CA,89,3472974,2.6
Yuba County, CA,67,1234354,5.4
Adams County, CO,189,7613889,2.5
Arapahoe County, CO,182,9974517,1.8
Archuleta County, CO,13,209027,
Boulder County, CO,382,5339650,7.2
Broomfield County, CO,28,767952,3.6
Chaffee County, CO,32,315042,10.2
Delta County, CO,12,534176,
Denver County, CO,361,10706660,3.4
Douglas County, CO,250,4667964,5.4
Eagle County, CO,12,878401,
El Paso County, CO,455,10734520,4.2
Fremont County, CO,14,841518,
Garfield County, CO,38,943380,4
Gilpin County, CO,10,93087,
Grand County, CO,10,250905,
Jefferson County, CO,743,9650818,7.7
Kit Carson County, CO,10,145707,
Lake County, CO,13,134602,
La Plata County, CO,87,890876,9.8
Larimer County, CO,379,5223858,7.3
Logan County, CO,17,394442,
Mesa County, CO,76,2457048,3.1
Moffat County, CO,10,238156,
Montezuma County, CO,88,450126,19.6
Montrose County, CO,17,692321,
Morgan County, CO,29,501562,5.8
Park County, CO,11,287516,
Pitkin County, CO,10,292737,
Prowers County, CO,12,235000,
Pueblo County, CO,73,2772834,2.6
Summit County, CO,12,482685,
Teller County, CO,40,403760,9.9
Weld County, CO,245,4259625,5.8
Fairfield County, CT,82,16395172,0.5
Hartford County, CT,89,15881980,0.6
Litchfield County, CT,38,3362625,1.1
Middlesex County, CT,15,2922498,
New Haven County, CT,89,15289748,0.6
New London County, CT,44,4846557,0.9
Tolland County, CT,26,2656761,1
Windham County, CT,21,2072959,1
Kent County, DE,55,2738104,2
New Castle County, DE,120,9540923,1.3
Sussex County, DE,81,3363531,2.4
District of Columbia, DC,121,10821657,1.1
Alachua County, FL,49,4325924,1.1
Baker County, FL,11,458731,
Bay County, FL,105,2970991,3.5
Brevard County, FL,145,9532217,1.5
Broward County, FL,188,31524641,0.6
Charlotte County, FL,84,2849218,2.9
Citrus County, FL,109,2415510,4.5
Clay County, FL,73,3189466,2.3
Collier County, FL,53,5580120,0.9
Columbia County, FL,41,1153489,3.6
DeSoto County, FL,53,612498,8.7
Dixie County, FL,14,278388,
Duval County, FL,321,15247688,2.1
Escambia County, FL,315,5410648,5.8
Flagler County, FL,91,1489945,6.1
Gadsden County, FL,54,822751,6.6
Glades County, FL,20,222382,9
Gulf County, FL,12,276912,
Hardee County, FL,14,489870,
Hendry County, FL,37,681184,5.4
Hernando County, FL,80,2890985,2.8
Highlands County, FL,69,1719194,4
Hillsborough County, FL,1823,21271210,8.6
Holmes County, FL,22,350848,6.3
Indian River County, FL,25,2374287,1.1
Jackson County, FL,45,865851,5.2
Jefferson County, FL,10,252529,
Lake County, FL,128,4979823,2.6
Lee County, FL,653,10458915,6.2
Leon County, FL,205,4779396,4.3
Levy County, FL,26,693192,3.8
Liberty County, FL,12,142000,
Madison County, FL,18,340252,
Manatee County, FL,503,5651951,8.9
Marion County, FL,168,5595593,3
Martin County, FL,28,2571233,1.1
Miami-Dade County, FL,196,44207994,0.4
Monroe County, FL,68,1373161,5
Nassau County, FL,26,1241544,2.1
Okaloosa County, FL,295,3306770,8.9
Okeechobee County, FL,12,696802,
Orange County, FL,490,19732211,2.5
Osceola County, FL,95,4483109,2.1
Palm Beach County, FL,212,23170344,0.9
Pasco County, FL,178,7806029,2.3
Pinellas County, FL,243,16679366,1.5
Polk County, FL,178,10293896,1.7
Putnam County, FL,116,1311372,8.8
St. Johns County, FL,195,3151646,6.2
St. Lucie County, FL,49,4567306,1.1
Santa Rosa County, FL,185,2605614,7.1
Sarasota County, FL,569,6651061,8.6
Seminole County, FL,423,7397962,5.7
Sumter County, FL,30,1508521,2
Suwannee County, FL,30,718393,4.2
Taylor County, FL,34,383734,8.9
Volusia County, FL,911,8747944,10.4
Wakulla County, FL,37,505468,7.3
Walton County, FL,113,940028,12
Washington County, FL,32,418948,7.6
Appling County, GA,22,323813,6.8
Barrow County, GA,18,1123215,
Bartow County, GA,44,1674857,2.6
Ben Hill County, GA,18,313907,
Berrien County, GA,22,325174,6.8
Bibb County, GA,45,2779360,1.6
Bleckley County, GA,22,224362,9.8
Bryan County, GA,23,519565,4.4
Bulloch County, GA,23,1180757,1.9
Butts County, GA,10,403080,
Camden County, GA,24,871051,2.8
Carroll County, GA,38,1883260,2
Catoosa County, GA,15,1099964,
Chatham County, GA,224,4621971,4.8
Chattooga County, GA,12,460224,
Cherokee County, GA,79,3513923,2.2
Clarke County, GA,31,2039626,1.5
Clayton County, GA,98,4638191,2.1
Cobb County, GA,158,12100061,1.3
Coffee County, GA,24,736206,3.3
Colquitt County, GA,70,796259,8.8
Columbia County, GA,25,2088535,1.2
Cook County, GA,16,299581,
Coweta County, GA,26,2094978,1.2
Dawson County, GA,16,368661,
Decatur County, GA,29,498540,5.8
DeKalb County, GA,244,12410050,2
Dougherty County, GA,80,1696428,4.7
Douglas County, GA,23,2164315,1.1
Early County, GA,10,204213,
Effingham County, GA,30,869841,3.4
Emanuel County, GA,13,399892,
Fannin County, GA,11,406783,
Fayette County, GA,26,1851454,1.4
Floyd County, GA,30,1702096,1.8
Forsyth County, GA,31,2827040,1.1
Franklin County, GA,10,389602,
Fulton County, GA,833,16070772,5.2
Gilmer County, GA,15,486913,
Glynn County, GA,26,1368555,1.9
Gordon County, GA,20,935264,2.1
Grady County, GA,24,441069,5.4
Gwinnett County, GA,536,13573750,3.9
Habersham County, GA,19,734242,
Hall County, GA,34,3052940,1.1
Haralson County, GA,19,501682,
Harris County, GA,10,529834,
Henry County, GA,59,3232764,1.8
Houston County, GA,29,2381718,1.2
Jackson County, GA,19,979698,
Jeff Davis County, GA,18,254401,
Jones County, GA,10,488824,
Laurens County, GA,14,846811,
Lee County, GA,16,490896,
Liberty County, GA,59,1141061,5.2
Lowndes County, GA,81,1863329,4.3
McDuffie County, GA,10,386630,
McIntosh County, GA,11,234262,
Mitchell County, GA,22,421532,5.2
Montgomery County, GA,12,160064,
Murray County, GA,13,702239,
Muscogee County, GA,49,3427884,1.4
Newton County, GA,32,1606242,2
Oconee County, GA,10,554634,
Paulding County, GA,45,2229134,2
Pickens County, GA,14,499884,
Pierce County, GA,13,317825,
Polk County, GA,21,725774,2.9
Putnam County, GA,10,367889,
Rabun County, GA,19,287213,
Randolph County, GA,10,136692,
Richmond County, GA,40,3587969,1.1
Rockdale County, GA,16,1453805,
Screven County, GA,21,265255,7.9
Spalding County, GA,13,1118255,
Stephens County, GA,11,461709,
Thomas County, GA,50,791371,6.3
Tift County, GA,39,712619,5.5
Toombs County, GA,16,482292,
Troup County, GA,23,1165887,2
Upson County, GA,13,488822,
Walker County, GA,16,1188368,
Walton County, GA,29,1389315,2.1
Ware County, GA,27,641535,4.2
Wayne County, GA,10,520513,
White County, GA,12,454801,
Whitfield County, GA,12,1736936,
Worth County, GA,16,389291,
Hawaii County, HI,37,3148744,1.2
Honolulu County, HI,70,16837647,0.4
Kauai County, HI,13,1168599,
Maui County, HI,17,2663429,
Ada County, ID,484,6675050,7.3
Bannock County, ID,33,1439919,2.3
Bear Lake County, ID,12,109702,
Benewah County, ID,28,164153,17.1
Bingham County, ID,52,790385,6.6
Blaine County, ID,33,374954,8.8
Bonner County, ID,50,715985,7
Bonneville County, ID,102,1752758,5.8
Canyon County, ID,260,3134853,8.3
Cassia County, ID,14,400790,
Clearwater County, ID,22,156370,14.1
Custer County, ID,15,75995,
Elmore County, ID,24,480911,5
Franklin County, ID,15,221934,
Fremont County, ID,13,228142,
Gem County, ID,12,293896,
Gooding County, ID,17,267382,
Idaho County, ID,25,285677,8.8
Jefferson County, ID,27,424462,6.4
Jerome County, ID,23,374320,6.1
Kootenai County, ID,244,2357312,10.4
Latah County, ID,58,661094,8.8
Lemhi County, ID,17,139805,
Lewis County, ID,10,67682,
Madison County, ID,16,616836,
Minidoka County, ID,18,356698,
Nez Perce County, ID,108,696337,15.5
Owyhee County, ID,22,201200,10.9
Payette County, ID,35,395360,8.9
Shoshone County, ID,13,232641,
Teton County, ID,12,156873,
Twin Falls County, ID,86,1321107,6.5
Adams County, IL,40,1210701,3.3
Alexander County, IL,10,152188,
Boone County, IL,10,905355,
Champaign County, IL,64,3514119,1.8
Christian County, IL,19,626172,
Clark County, IL,17,297288,
Clay County, IL,10,251049,
Clinton County, IL,10,666470,
Coles County, IL,16,958060,
Cook County, IL,647,94421063,0.7
DeKalb County, IL,16,1796735,
DuPage County, IL,285,16501706,1.7
Edgar County, IL,27,336894,8
Franklin County, IL,18,707696,
Henry County, IL,13,906168,
Jackson County, IL,11,1074201,
Jasper County, IL,13,176786,
Jefferson County, IL,24,706152,3.4
Jersey County, IL,12,404049,
Kane County, IL,23,8729278,0.3
Kankakee County, IL,31,1968953,1.6
Kendall County, IL,13,1701845,
Knox County, IL,26,960314,2.7
Lake County, IL,146,12343635,1.2
LaSalle County, IL,23,2023791,1.1
Lee County, IL,11,640512,
Livingston County, IL,14,698105,
Logan County, IL,13,548092,
McDonough County, IL,14,585732,
McHenry County, IL,42,5297566,0.8
McLean County, IL,19,2955754,
Macon County, IL,29,1995832,1.5
Macoupin County, IL,38,861313,4.4
Madison County, IL,263,4772333,5.5
Marion County, IL,39,717006,5.4
Marshall County, IL,17,227864,
Massac County, IL,10,274046,
Monroe County, IL,16,567384,
Montgomery County, IL,19,541011,
Morgan County, IL,41,643229,6.4
Ogle County, IL,17,943942,
Peoria County, IL,35,3327111,1.1
Randolph County, IL,16,601566,
Rock Island County, IL,19,2654996,
St. Clair County, IL,154,4738576,3.2
Sangamon County, IL,163,3502793,4.7
Stephenson County, IL,35,858341,4.1
Tazewell County, IL,42,2385555,1.8
Vermilion County, IL,45,1473743,3.1
Wayne County, IL,14,302624,
White County, IL,12,267183,
Whiteside County, IL,32,1057862,3
Will County, IL,127,11333216,1.1
Williamson County, IL,12,1166549,
Winnebago County, IL,69,5178307,1.3
Woodford County, IL,12,677558,
Allen County, IN,51,6299010,0.8
Bartholomew County, IN,22,1363495,1.6
Blackford County, IN,15,235338,
Boone County, IN,20,977387,2
Cass County, IN,10,708210,
Clark County, IN,25,1907499,1.3
Crawford County, IN,13,194028,
Daviess County, IN,16,560343,
Dearborn County, IN,15,875740,
De Kalb County, IN,11,749919,
Delaware County, IN,23,2123574,1.1
Elkhart County, IN,32,3493929,0.9
Fayette County, IN,11,440409,
Floyd County, IN,24,1323386,1.8
Franklin County, IN,19,411015,
Fulton County, IN,13,369741,
Gibson County, IN,20,598235,3.3
Grant County, IN,16,1269568,
Greene County, IN,24,593804,4
Hamilton County, IN,41,4535074,0.9
Hancock County, IN,24,1179722,2
Hendricks County, IN,54,2428363,2.2
Henry County, IN,11,876831,
Howard County, IN,28,1505545,1.9
Jennings County, IN,17,506005,
Johnson County, IN,47,2398986,2
Knox County, IN,11,692546,
Lake County, IN,142,8817540,1.6
La Porte County, IN,36,1988178,1.8
Lawrence County, IN,13,828087,
Madison County, IN,33,2364390,1.4
Marion County, IN,1322,16088494,8.2
Morgan County, IN,27,1231242,2.2
Orange County, IN,12,353556,
Porter County, IN,27,2862610,0.9
Putnam County, IN,14,673132,
Rush County, IN,12,316051,
St. Joseph County, IN,74,4792803,1.5
Scott County, IN,35,426998,8.2
Tippecanoe County, IN,21,3001245,0.7
Vanderburgh County, IN,40,3194052,1.3
Vigo County, IN,51,1922591,2.7
Warrick County, IN,15,1035227,
Washington County, IN,21,501343,4.2
Wayne County, IN,41,1246074,3.3
Adair County, IA,14,139887,
Allamakee County, IA,14,257107,
Appanoose County, IA,22,235863,9.3
Audubon County, IA,14,112199,
Benton County, IA,24,465423,5.2
Black Hawk County, IA,95,2331934,4.1
Boone County, IA,30,474393,6.3
Bremer County, IA,24,433262,5.5
Buchanan County, IA,20,377649,5.3
Buena Vista County, IA,11,364298,
Butler County, IA,16,269544,
Calhoun County, IA,10,183234,
Carroll County, IA,19,375958,
Cass County, IA,15,251501,
Cedar County, IA,13,329810,
Cerro Gordo County, IA,59,801813,7.4
Cherokee County, IA,12,220474,
Chickasaw County, IA,19,226407,
Clay County, IA,13,302490,
Clayton County, IA,14,326987,
Clinton County, IA,64,884276,7.2
Crawford County, IA,15,306610,
Dallas County, IA,51,1085343,4.7
Davis County, IA,15,156063,
Decatur County, IA,12,152242,
Delaware County, IA,18,321815,
Des Moines County, IA,69,732140,9.4
Dickinson County, IA,13,300513,
Dubuque County, IA,71,1665832,4.3
Emmet County, IA,11,187241,
Fayette County, IA,23,379819,6.1
Floyd County, IA,19,295029,
Franklin County, IA,19,191130,
Greene County, IA,15,172797,
Guthrie County, IA,22,198774,11.1
Hardin County, IA,20,321720,6.2
Harrison County, IA,14,270321,
Henry County, IA,10,364006,
Howard County, IA,13,173914,
Humboldt County, IA,21,179057,11.7
Iowa County, IA,19,291210,
Jackson County, IA,31,358548,8.6
Jasper County, IA,36,667544,5.4
Jefferson County, IA,27,300303,9
Johnson County, IA,77,2281399,3.4
Jones County, IA,19,369348,
Keokuk County, IA,15,193222,
Lee County, IA,49,652174,7.5
Linn County, IA,173,3710766,4.7
Lucas County, IA,14,163960,
Madison County, IA,16,271982,
Mahaska County, IA,21,402565,5.2
Marion County, IA,36,593846,6.1
Marshall County, IA,48,721399,6.7
Mills County, IA,15,267463,
Monona County, IA,13,169892,
Monroe County, IA,13,143389,
Montgomery County, IA,12,197012,
Muscatine County, IA,41,762029,5.4
O'Brien County, IA,11,260545,
Page County, IA,22,290587,7.6
Plymouth County, IA,28,448369,6.2
Pocahontas County, IA,12,138390,
Polk County, IA,456,7518417,6.1
Pottawattamie County, IA,94,1639018,5.7
Poweshiek County, IA,14,339675,
Ringgold County, IA,11,93962,
Sac County, IA,15,191094,
Scott County, IA,190,2941028,6.5
Shelby County, IA,12,223717,
Sioux County, IA,19,599078,
Story County, IA,57,1567534,3.6
Tama County, IA,21,321428,6.5
Union County, IA,25,222520,11.2
Van Buren County, IA,18,136731,
Wapello County, IA,54,640416,8.4
Warren County, IA,54,805502,6.7
Washington County, IA,20,387742,5.2
Webster County, IA,44,691351,6.4
Winnebago County, IA,10,199021,
Winneshiek County, IA,18,378414,
Woodbury County, IA,85,1838559,4.6
Wright County, IA,16,242528,
Butler County, KS,10,1146149,
Cowley County, KS,16,651055,
Crawford County, KS,23,699530,3.3
Douglas County, KS,90,1955779,4.6
Ellis County, KS,17,506633,
Franklin County, KS,21,459512,4.6
Jefferson County, KS,13,339804,
Johnson County, KS,170,9392000,1.8
Leavenworth County, KS,22,1336054,1.6
Lyon County, KS,33,627412,5.3
Miami County, KS,11,561427,
Montgomery County, KS,19,630654,
Reno County, KS,36,1154157,3.1
Riley County, KS,12,1235735,
Sedgwick County, KS,314,8688498,3.6
Shawnee County, KS,238,3143521,7.6
Sumner County, KS,22,441013,5
Wyandotte County, KS,85,2840780,3
Anderson County, KY,14,372440,
Barren County, KY,29,739097,3.9
Bath County, KY,21,209168,10
Bell County, KY,31,518194,6
Boone County, KY,23,1981191,1.2
Bourbon County, KY,13,356649,
Boyd County, KY,35,886859,3.9
Boyle County, KY,41,510405,8
Breathitt County, KY,14,260273,
Bullitt County, KY,31,1274398,2.4
Campbell County, KY,18,1612720,
Carter County, KY,21,493532,4.3
Casey County, KY,18,284570,
Christian County, KY,19,1313548,
Clay County, KY,38,405720,9.4
Clinton County, KY,10,180316,
Daviess County, KY,24,1712164,1.4
Elliott County, KY,13,130643,
Estill County, KY,16,266227,
Fayette County, KY,260,5165331,5
Fleming County, KY,11,257079,
Floyd County, KY,64,721488,8.9
Franklin County, KY,27,881723,3.1
Grant County, KY,27,433556,6.2
Graves County, KY,12,667572,
Grayson County, KY,16,455322,
Green County, KY,12,204145,
Greenup County, KY,31,660200,4.7
Hardin County, KY,72,1808573,4
Harlan County, KY,55,540774,10.2
Harrison County, KY,16,332306,
Hart County, KY,13,324872,
Hopkins County, KY,50,839003,6
Jackson County, KY,12,242710,
Jefferson County, KY,157,13093019,1.2
Jessamine County, KY,12,824658,
Johnson County, KY,13,419460,
Kenton County, KY,58,2834789,2
Knott County, KY,12,300163,
Knox County, KY,41,569867,7.2
Laurel County, KY,44,1029719,4.3
Lawrence County, KY,15,283596,
Lee County, KY,27,138529,19.5
Leslie County, KY,14,207822,
Letcher County, KY,32,438248,7.3
Lewis County, KY,11,249507,
Lincoln County, KY,20,437788,4.6
Logan County, KY,17,481024,
McCracken County, KY,22,1172001,1.9
McCreary County, KY,22,319396,6.9
Madison County, KY,34,1443973,2.4
Marion County, KY,15,346979,
Martin County, KY,13,230568,
Menifee County, KY,10,115969,
Mercer County, KY,17,381026,
Monroe County, KY,12,200833,
Montgomery County, KY,22,456178,4.8
Nelson County, KY,26,751720,3.5
Ohio County, KY,23,426082,5.4
Owsley County, KY,13,85077,
Pendleton County, KY,13,264020,
Perry County, KY,25,515667,4.8
Pike County, KY,64,1176382,5.4
Powell County, KY,13,230275,
Pulaski County, KY,67,1096979,6.1
Rockcastle County, KY,12,303566,
Rowan County, KY,38,413696,9.2
Russell County, KY,18,309117,
Scott County, KY,42,778558,5.4
Shelby County, KY,17,717036,
Simpson County, KY,13,309133,
Taylor County, KY,11,434107,
Union County, KY,20,273734,7.3
Warren County, KY,22,1941534,1.1
Washington County, KY,17,207451,
Wayne County, KY,10,368447,
Webster County, KY,20,247124,8.1
Whitley County, KY,26,647042,4
Wolfe County, KY,10,129327,
Woodford County, KY,13,439486,
Acadia Parish, LA,68,1092902,6.2
Allen Parish, LA,17,460161,
Ascension Parish, LA,89,1778504,5
Assumption Parish, LA,10,418364,
Avoyelles Parish, LA,12,747341,
Beauregard Parish, LA,12,625587,
Bossier Parish, LA,39,2025499,1.9
Caddo Parish, LA,102,4536313,2.2
Calcasieu Parish, LA,116,3416169,3.4
Catahoula Parish, LA,10,187949,
Claiborne Parish, LA,21,303035,6.9
Concordia Parish, LA,20,365530,5.5
De Soto Parish, LA,20,474098,4.2
East Baton Rouge Parish, LA,62,7737537,0.8
Evangeline Parish, LA,74,618749,12
Iberia Parish, LA,16,1319899,
Jefferson Parish, LA,114,7952106,1.4
Jefferson Davis Parish, LA,19,564919,
Lafayette Parish, LA,49,3841806,1.3
Lafourche Parish, LA,17,1700887,
LaSalle Parish, LA,18,263019,
Lincoln Parish, LA,13,816048,
Livingston Parish, LA,30,2117010,1.4
Madison Parish, LA,18,224891,
Morehouse Parish, LA,24,515981,4.7
Natchitoches Parish, LA,48,704753,6.8
Orleans Parish, LA,127,7174050,1.8
Ouachita Parish, LA,56,2733691,2
Rapides Parish, LA,28,2334523,1.2
St. Bernard Parish, LA,15,881358,
St. Charles Parish, LA,14,923032,
St. John the Baptist Parish, LA,13,806296,
St. Landry Parish, LA,47,1523918,3.1
St. Martin Parish, LA,22,922482,2.4
St. Mary Parish, LA,13,964771,
St. Tammany Parish, LA,40,4022742,1
Tangipahoa Parish, LA,64,2069062,3.1
Terrebonne Parish, LA,28,1973545,1.4
Union Parish, LA,12,407860,
Vermilion Parish, LA,25,1024407,2.4
Vernon Parish, LA,27,928602,2.9
Washington Parish, LA,15,821794,
Webster Parish, LA,21,739297,2.8
Winn Parish, LA,18,280714,
Androscoggin County, ME,118,1920968,6.1
Aroostook County, ME,99,1293500,7.7
Cumberland County, ME,269,5014485,5.4
Franklin County, ME,43,544317,7.9
Hancock County, ME,72,967371,7.4
Kennebec County, ME,139,2167470,6.4
Knox County, ME,54,719341,7.5
Lincoln County, ME,55,617690,8.9
Oxford County, ME,90,1023939,8.8
Penobscot County, ME,204,2714079,7.5
Piscataquis County, ME,40,311857,12.8
Sagadahoc County, ME,39,638562,6.1
Somerset County, ME,88,927963,9.5
Waldo County, ME,54,688971,7.8
Washington County, ME,62,593118,10.5
York County, ME,215,3534437,6.1
Allegany County, MD,24,1334500,1.8
Anne Arundel County, MD,120,9491962,1.3
Baltimore County, MD,176,14322810,1.2
Calvert County, MD,24,1540105,1.6
Caroline County, MD,13,572231,
Carroll County, MD,41,2943953,1.4
Cecil County, MD,45,1746196,2.6
Charles County, MD,53,2538223,2.1
Dorchester County, MD,15,572240,
Frederick County, MD,59,4050807,1.5
Garrett County, MD,17,539008,
Harford County, MD,54,4299622,1.3
Howard County, MD,37,5035910,0.7
Kent County, MD,11,355440,
Montgomery County, MD,71,17134945,0.4
Prince George's County, MD,183,15415912,1.2
Queen Anne's County, MD,23,824124,2.8
St. Mary's County, MD,36,1803495,2
Talbot County, MD,15,656776,
Washington County, MD,48,2577341,1.9
Wicomico County, MD,32,1703718,1.9
Worcester County, MD,15,903651,
Baltimore city, MD,208,11283572,1.8
Barnstable County, MA,39,3940038,1
Berkshire County, MA,26,2367919,1.1
Bristol County, MA,85,9838509,0.9
Essex County, MA,71,13362665,0.5
Franklin County, MA,18,1285719,
Hampden County, MA,67,8325122,0.8
Hampshire County, MA,18,2822884,
Middlesex County, MA,102,26992833,0.4
Norfolk County, MA,45,12002165,0.4
Plymouth County, MA,83,8841039,0.9
Suffolk County, MA,63,12936897,0.5
Worcester County, MA,79,14185629,0.6
Alcona County, MI,14,200393,
Alger County, MI,10,173078,
Allegan County, MI,70,1992649,3.5
Arenac County, MI,11,295013,
Barry County, MI,49,1059080,4.6
Bay County, MI,15,1946635,
Benzie County, MI,13,310725,
Berrien County, MI,50,2843110,1.8
Branch County, MI,19,817997,
Calhoun County, MI,53,2464907,2.2
Cass County, MI,16,934618,
Cheboygan County, MI,15,475694,
Chippewa County, MI,34,696608,4.9
Clare County, MI,10,560133,
Clinton County, MI,31,1305841,2.4
Dickinson County, MI,10,479127,
Eaton County, MI,83,1930868,4.3
Emmet County, MI,36,587244,6.1
Genesee County, MI,157,7730284,2
Gladwin County, MI,14,468496,
Gogebic County, MI,26,297907,8.7
Grand Traverse County, MI,40,1535824,2.6
Hillsdale County, MI,23,840301,2.7
Houghton County, MI,29,651561,4.5
Huron County, MI,17,609521,
Ingham County, MI,81,5082426,1.6
Ionia County, MI,37,1149495,3.2
Iosco County, MI,12,473949,
Isabella County, MI,26,1227977,2.1
Jackson County, MI,73,2889489,2.5
Kalamazoo County, MI,92,4467738,2.1
Kent County, MI,149,10827739,1.4
Lapeer County, MI,16,1606896,
Leelanau County, MI,13,389491,
Lenawee County, MI,36,1799083,2
Livingston County, MI,134,3183666,4.2
Mackinac County, MI,20,204647,9.8
Macomb County, MI,622,14973450,4.2
Manistee County, MI,17,445608,
Marquette County, MI,50,1192382,4.2
Mason County, MI,13,515883,
Mecosta County, MI,16,763745,
Midland County, MI,16,1505204,
Monroe County, MI,63,2705465,2.3
Montcalm County, MI,44,1132826,3.9
Muskegon County, MI,135,3098068,4.4
Newaygo County, MI,53,873299,6.1
Oakland County, MI,287,21782288,1.3
Ontonagon County, MI,12,125918,
Ottawa County, MI,31,4674900,0.7
Roscommon County, MI,17,448196,
Saginaw County, MI,38,3650398,1
St. Clair County, MI,174,2954219,5.9
St. Joseph County, MI,14,1110976,
Sanilac County, MI,18,784243,
Shiawassee County, MI,57,1278030,4.5
Tuscola County, MI,31,1015641,3.1
Van Buren County, MI,30,1372327,2.2
Washtenaw County, MI,212,6173332,3.4
Wayne County, MI,722,34151722,2.1
Wexford County, MI,26,578383,4.5
Anoka County, MN,203,5831867,3.5
Beltrami County, MN,20,779392,2.6
Benton County, MN,25,677234,3.7
Blue Earth County, MN,23,1109705,2.1
Carlton County, MN,30,617655,4.9
Carver County, MN,57,1549731,3.7
Cass County, MN,23,509064,4.5
Chisago County, MN,44,905047,4.9
Clay County, MN,23,1017428,2.3
Crow Wing County, MN,55,1087310,5.1
Dakota County, MN,272,6996172,3.9
Dodge County, MN,19,350264,
Douglas County, MN,13,635923,
Fillmore County, MN,21,378234,5.6
Freeborn County, MN,12,567476,
Goodhue County, MN,41,821451,5
Hennepin County, MN,374,20725060,1.8
Houston County, MN,20,346878,5.8
Hubbard County, MN,21,356195,5.9
Isanti County, MN,25,653451,3.8
Itasca County, MN,21,804629,2.6
Kanabec County, MN,10,286332,
Lac qui Parle County, MN,10,133548,
Le Sueur County, MN,29,487195,6
McLeod County, MN,20,648103,3.1
Meeker County, MN,23,416058,5.5
Mille Lacs County, MN,19,450533,
Morrison County, MN,21,588159,3.6
Mower County, MN,14,700567,
Nicollet County, MN,14,573149,
Olmsted County, MN,82,2504919,3.3
Otter Tail County, MN,65,1033964,6.3
Pine County, MN,26,514176,5.1
Polk County, MN,11,563917,
Ramsey County, MN,154,9236221,1.7
Renville County, MN,13,288673,
Rice County, MN,14,1115136,
St. Louis County, MN,136,3600244,3.8
Scott County, MN,94,2171124,4.3
Sherburne County, MN,54,1479726,3.6
Sibley County, MN,11,273068,
Stearns County, MN,73,2615030,2.8
Todd County, MN,18,442062,
Washington County, MN,76,4113667,1.8
Winona County, MN,24,914655,2.6
Wright County, MN,84,2070183,4.1
Adams County, MS,35,589405,5.9
Alcorn County, MS,39,651864,6
Amite County, MS,17,237426,
Attala County, MS,24,349281,6.9
Bolivar County, MS,35,648295,5.4
Calhoun County, MS,15,267926,
Carroll County, MS,14,189291,
Chickasaw County, MS,15,325124,
Choctaw County, MS,25,159352,15.7
Clarke County, MS,30,304091,9.9
Clay County, MS,42,377728,11.1
Coahoma County, MS,13,490193,
Copiah County, MS,21,523317,4
Covington County, MS,18,351039,
DeSoto County, MS,216,2626029,8.2
Forrest County, MS,22,1333284,1.7
George County, MS,20,388208,5.2
Greene County, MS,19,246898,
Grenada County, MS,28,399346,7
Hancock County, MS,39,801051,4.9
Harrison County, MS,367,3439822,10.7
Hinds County, MS,856,4440951,19.3
Holmes County, MS,18,354784,
Humphreys County, MS,23,176056,13.1
Itawamba County, MS,48,417733,11.5
Jackson County, MS,54,2467113,2.2
Jasper County, MS,25,312244,8
Jefferson County, MS,10,149370,
Jefferson Davis County, MS,21,228495,9.2
Jones County, MS,57,1201353,4.7
Kemper County, MS,14,187350,
Lafayette County, MS,26,820249,3.2
Lamar County, MS,29,913887,3.2
Lauderdale County, MS,73,1420388,5.1
Lawrence County, MS,18,232954,
Leake County, MS,11,409451,
Lee County, MS,63,1455741,4.3
Leflore County, MS,19,604654,
Lincoln County, MS,58,614991,9.4
Lowndes County, MS,78,1079196,7.2
Madison County, MS,82,1615787,5.1
Marion County, MS,60,468729,12.8
Marshall County, MS,44,650482,6.8
Monroe County, MS,49,667885,7.3
Montgomery County, MS,16,201421,
Neshoba County, MS,22,526618,4.2
Newton County, MS,15,390537,
Oktibbeha County, MS,14,828703,
Panola County, MS,86,621460,13.8
Pearl River County, MS,42,958516,4.4
Perry County, MS,16,219377,
Pike County, MS,71,713054,10
Pontotoc County, MS,39,525151,7.4
Prentiss County, MS,18,458040,
Rankin County, MS,235,2424485,9.7
Scott County, MS,63,507874,12.4
Simpson County, MS,30,493891,6.1
Smith County, MS,46,292478,15.7
Stone County, MS,29,292070,9.9
Sunflower County, MS,37,553284,6.7
Tallahatchie County, MS,11,271171,
Tate County, MS,55,492803,11.2
Tippah County, MS,39,390205,10
Tishomingo County, MS,49,348720,14.1
Tunica County, MS,10,185309,
Union County, MS,57,481915,11.8
Walthall County, MS,15,272920,
Warren County, MS,119,876277,13.6
Washington County, MS,38,974723,3.9
Wayne County, MS,11,376333,
Wilkinson County, MS,13,177988,
Winston County, MS,47,347986,13.5
Yalobusha County, MS,14,230172,
Yazoo County, MS,66,504213,13.1
Adair County, MO,39,454389,8.6
Andrew County, MO,17,304609,
Audrain County, MO,41,463565,8.8
Barry County, MO,69,632911,10.9
Barton County, MO,20,225310,8.9
Bates County, MO,29,303567,9.6
Benton County, MO,30,332332,9
Bollinger County, MO,16,221984,
Boone County, MO,201,2804530,7.2
Buchanan County, MO,104,1579518,6.6
Butler County, MO,96,758382,12.7
Callaway County, MO,95,777282,12.2
Camden County, MO,46,748115,6.1
Cape Girardeau County, MO,44,1326995,3.3
Carroll County, MO,19,172504,
Carter County, MO,19,109974,
Cass County, MO,113,1699443,6.6
Cedar County, MO,13,251594,
Christian County, MO,60,1271393,4.7
Clark County, MO,10,128586,
Clay County, MO,223,3801699,5.9
Clinton County, MO,17,364333,
Cole County, MO,106,1337464,7.9
Cooper County, MO,22,312114,7
Crawford County, MO,36,434320,8.3
Dade County, MO,10,140818,
Dallas County, MO,32,294951,10.8
DeKalb County, MO,14,229025,
Dent County, MO,18,276394,
Douglas County, MO,23,241887,9.5
Dunklin County, MO,11,579037,
Franklin County, MO,207,1785909,11.6
Gasconade County, MO,32,274005,11.7
Greene County, MO,363,4783091,7.6
Grundy County, MO,21,184846,11.4
Henry County, MO,29,399096,7.3
Hickory County, MO,24,167703,14.3
Howell County, MO,64,704383,9.1
Iron County, MO,13,189729,
Jackson County, MO,1105,12030773,9.2
Jasper County, MO,78,2027665,3.8
Jefferson County, MO,349,3833538,9.1
Johnson County, MO,87,932053,9.3
Laclede County, MO,25,621146,4
Lafayette County, MO,32,594921,5.4
Lawrence County, MO,27,674256,4
Lincoln County, MO,62,876052,7.1
Linn County, MO,25,232743,10.7
McDonald County, MO,35,405424,8.6
Macon County, MO,12,279605,
Madison County, MO,24,218736,11
Maries County, MO,23,162464,14.2
Marion County, MO,22,513508,4.3
Mercer County, MO,17,67051,
Miller County, MO,11,442200,
Mississippi County, MO,18,250781,
Monroe County, MO,15,162341,
Montgomery County, MO,13,217723,
Morgan County, MO,28,362358,7.7
New Madrid County, MO,17,340611,
Newton County, MO,75,1016489,7.4
Oregon County, MO,12,191994,
Ozark County, MO,25,172018,14.5
Pemiscot County, MO,45,337410,13.3
Perry County, MO,29,337485,8.6
Pettis County, MO,39,738911,5.3
Phelps County, MO,51,779915,6.5
Pike County, MO,10,332877,
Platte County, MO,70,1543336,4.5
Polk County, MO,34,535659,6.3
Pulaski County, MO,33,868139,3.8
Putnam County, MO,10,90737,
Ralls County, MO,15,180182,
Randolph County, MO,22,452588,4.9
Ray County, MO,35,420856,8.3
Reynolds County, MO,22,119346,18.4
Ripley County, MO,39,249687,15.6
St. Charles County, MO,373,6135228,6.1
St. Clair County, MO,13,173165,
Ste. Genevieve County, MO,30,324685,9.2
St. Francois County, MO,90,1123168,8
St. Louis County, MO,1056,18088292,5.8
Saline County, MO,27,417916,6.5
Scott County, MO,60,711275,8.4
Stoddard County, MO,42,538503,7.8
Stone County, MO,54,554671,9.7
Sullivan County, MO,10,122009,
Taney County, MO,24,860296,2.8
Texas County, MO,37,451534,8.2
Vernon County, MO,30,373464,8
Warren County, MO,60,541493,11.1
Washington County, MO,26,441003,5.9
Wayne County, MO,31,240948,12.9
Webster County, MO,41,625788,6.6
Wright County, MO,42,331304,12.7
St. Louis city, MO,116,5864217,2
Big Horn County, MT,19,231165,
Cascade County, MT,70,1455668,4.8
Custer County, MT,12,210320,
Fergus County, MT,16,208122,
Flathead County, MT,60,1557336,3.9
Gallatin County, MT,32,1527646,2.1
Lake County, MT,24,506694,4.7
Lewis and Clark County, MT,125,1099219,11.4
Lincoln County, MT,12,345527,
Madison County, MT,12,133253,
Missoula County, MT,93,1902366,4.9
Park County, MT,17,282765,
Powell County, MT,11,126251,
Ravalli County, MT,26,707657,3.7
Sanders County, MT,23,199061,11.6
Silver Bow County, MT,20,613299,3.3
Stillwater County, MT,11,158986,
Sweet Grass County, MT,10,65711,
Yellowstone County, MT,284,2574857,11
Buffalo County, NE,21,816301,2.6
Dakota County, NE,10,370363,
Dodge County, NE,13,656169,
Douglas County, NE,135,9079008,1.5
Gage County, NE,21,405006,5.2
Hall County, NE,24,1027023,2.3
Knox County, NE,11,159176,
Lancaster County, NE,65,5001933,1.3
Lincoln County, NE,19,640084,
Madison County, NE,17,633232,
Platte County, NE,10,572199,
Saline County, NE,12,255005,
Sarpy County, NE,25,2692839,0.9
Saunders County, NE,12,368507,
Churchill County, NV,17,439441,
Clark County, NV,774,32470306,2.4
Douglas County, NV,24,824642,2.9
Elko County, NV,22,860332,2.6
Lyon County, NV,62,839509,7.4
Nye County, NV,24,721277,3.3
Washoe County, NV,652,7227492,9
Carson City, NV,66,984663,6.7
Belknap County, NH,47,1071168,4.4
Carroll County, NH,42,838124,5
Cheshire County, NH,36,1372067,2.6
Coos County, NH,30,592369,5.1
Grafton County, NH,41,1561713,2.6
Hillsborough County, NH,304,7142260,4.3
Merrimack County, NH,103,2599360,4
Rockingham County, NH,196,5260410,3.7
Strafford County, NH,88,2170068,4.1
Sullivan County, NH,29,767314,3.8
Atlantic County, NJ,54,4831039,1.1
Bergen County, NJ,70,16268245,0.4
Burlington County, NJ,116,7986206,1.5
Camden County, NJ,69,9202913,0.7
Cape May County, NJ,32,1771376,1.8
Cumberland County, NJ,62,2753051,2.3
Essex County, NJ,123,14202678,0.9
Gloucester County, NJ,55,5012720,1.1
Hudson County, NJ,42,11374562,0.4
Hunterdon County, NJ,15,2275494,
Mercer County, NJ,76,6532620,1.2
Middlesex County, NJ,71,14342036,0.5
Monmouth County, NJ,95,11268954,0.8
Morris County, NJ,45,8777778,0.5
Ocean County, NJ,77,10083321,0.8
Passaic County, NJ,57,8966167,0.6
Salem County, NJ,16,1170947,
Somerset County, NJ,24,5708272,0.4
Sussex County, NJ,45,2653050,1.7
Union County, NJ,53,9620033,0.6
Warren County, NJ,38,1929622,2
Bernalillo County, NM,1175,11333441,10.4
Catron County, NM,22,64068,34.3
Chaves County, NM,151,1145655,13.2
Cibola County, NM,41,485849,8.4
Colfax County, NM,33,245244,13.5
Curry County, NM,67,855181,7.8
DeBaca County, NM,12,36398,
Dona Ana County, NM,280,3550438,7.9
Eddy County, NM,134,957525,14
Grant County, NM,99,533652,18.6
Hidalgo County, NM,12,90561,
Lea County, NM,110,1119369,9.8
Lincoln County, NM,50,359602,13.9
Los Alamos County, NM,31,325920,9.5
Luna County, NM,67,448772,14.9
McKinley County, NM,83,1308034,6.3
Mora County, NM,16,88281,
Otero County, NM,133,1138875,11.7
Quay County, NM,24,164668,14.6
Rio Arriba County, NM,111,725557,15.3
Roosevelt County, NM,21,345038,6.1
Sandoval County, NM,185,2123091,8.7
San Juan County, NM,217,2209409,9.8
San Miguel County, NM,67,525736,12.7
Santa Fe County, NM,261,2524106,10.3
Sierra County, NM,54,218071,24.8
Socorro County, NM,46,320194,14.4
Taos County, NM,89,576022,15.5
Torrance County, NM,30,294108,10.2
Union County, NM,14,76853,
Valencia County, NM,147,1304999,11.3
Albany County, NY,46,5452715,0.8
Allegany County, NY,44,883310,5
Bronx County, NY,77,24824519,0.3
Broome County, NY,48,3594432,1.3
Cattaraugus County, NY,56,1459238,3.8
Cayuga County, NY,58,1446434,4
Chautauqua County, NY,45,2437588,1.8
Chemung County, NY,18,1603506,
Clinton County, NY,19,1467286,
Columbia County, NY,15,1131254,
Cortland County, NY,11,884265,
Delaware County, NY,12,857111,
Dutchess County, NY,84,5267866,1.6
Erie County, NY,268,16734636,1.6
Essex County, NY,16,702862,
Franklin County, NY,10,923596,
Genesee County, NY,28,1077998,2.6
Herkimer County, NY,41,1153820,3.6
Jefferson County, NY,22,2063423,1.1
Kings County, NY,134,45156766,0.3
Lewis County, NY,19,485139,
Livingston County, NY,33,1170125,2.8
Madison County, NY,52,1291068,4
Monroe County, NY,185,13368110,1.4
Montgomery County, NY,14,894954,
Nassau County, NY,138,24123054,0.6
New York County, NY,68,28577220,0.2
Niagara County, NY,101,3893271,2.6
Oneida County, NY,108,4213070,2.6
Onondaga County, NY,238,8341649,2.9
Ontario County, NY,28,1899427,1.5
Orange County, NY,61,6573226,0.9
Orleans County, NY,18,775141,
Oswego County, NY,94,2194677,4.3
Putnam County, NY,19,1778055,
Queens County, NY,106,40295825,0.3
Rensselaer County, NY,65,2828901,2.3
Richmond County, NY,20,8307412,0.2
Rockland County, NY,30,5506193,0.5
St. Lawrence County, NY,22,2008594,1.1
Saratoga County, NY,79,3874628,2
Schenectady County, NY,30,2730523,1.1
Schoharie County, NY,13,578278,
Seneca County, NY,10,629089,
Steuben County, NY,53,1776415,3
Suffolk County, NY,296,26558134,1.1
Sullivan County, NY,14,1368544,
Tioga County, NY,22,919324,2.4
Tompkins County, NY,18,1812242,
Ulster County, NY,25,3257088,0.8
Warren County, NY,18,1167096,
Washington County, NY,21,1121710,1.9
Wayne County, NY,13,1678126,
Westchester County, NY,91,17018990,0.5
Wyoming County, NY,24,761882,3.2
Alamance County, NC,26,2611375,1
Alexander County, NC,13,648814,
Anson County, NC,16,470617,
Ashe County, NC,15,471538,
Beaufort County, NC,25,838643,3
Bertie County, NC,10,365830,
Bladen County, NC,10,611172,
Brunswick County, NC,33,1766188,1.9
Buncombe County, NC,53,4145733,1.3
Burke County, NC,39,1616310,2.4
Cabarrus County, NC,27,2968986,0.9
Caldwell County, NC,37,1451816,2.5
Carteret County, NC,23,1159996,2
Caswell County, NC,12,423600,
Catawba County, NC,48,2707753,1.8
Chatham County, NC,20,1087079,1.8
Cherokee County, NC,19,474953,
Cleveland County, NC,25,1748795,1.4
Columbus County, NC,32,1011397,3.2
Craven County, NC,25,1774473,1.4
Cumberland County, NC,124,5645456,2.2
Currituck County, NC,15,403148,
Dare County, NC,13,600090,
Davidson County, NC,48,2842860,1.7
Davie County, NC,10,706854,
Duplin County, NC,23,997556,2.3
Durham County, NC,66,4656153,1.4
Edgecombe County, NC,23,1002972,2.3
Forsyth County, NC,211,6090857,3.5
Franklin County, NC,21,1020594,2.1
Gaston County, NC,63,3618683,1.7
Gates County, NC,15,205346,
Granville County, NC,16,1003455,
Greene County, NC,10,369917,
Guilford County, NC,104,8454542,1.2
Halifax County, NC,27,991683,2.7
Harnett County, NC,30,1961255,1.5
Haywood County, NC,17,1037824,
Henderson County, NC,44,1831389,2.4
Hertford County, NC,16,430567,
Hoke County, NC,15,780208,
Iredell County, NC,35,2681016,1.3
Jackson County, NC,19,685147,
Johnston County, NC,39,2805971,1.4
Lee County, NC,20,982613,2
Lenoir County, NC,32,1063617,3
Lincoln County, NC,11,1322416,
McDowell County, NC,21,793023,2.6
Macon County, NC,10,586819,
Madison County, NC,12,367677,
Martin County, NC,17,440029,
Mecklenburg County, NC,227,15575591,1.5
Mitchell County, NC,11,280783,
Moore County, NC,36,1524689,2.4
Nash County, NC,38,1663286,2.3
New Hanover County, NC,31,3461829,0.9
Northampton County, NC,12,390379,
Onslow County, NC,81,3024545,2.7
Orange County, NC,29,2315984,1.3
Pasquotank County, NC,14,691334,
Pender County, NC,20,885161,2.3
Person County, NC,14,686611,
Pitt County, NC,62,2828735,2.2
Polk County, NC,13,355391,
Randolph County, NC,57,2485682,2.3
Richmond County, NC,29,833100,3.5
Robeson County, NC,101,2340388,4.3
Rockingham County, NC,45,1665974,2.7
Rowan County, NC,44,2438293,1.8
Rutherford County, NC,24,1183202,2
Sampson County, NC,60,1121767,5.3
Scotland County, NC,12,647507,
Stanly County, NC,12,1074046,
Stokes County, NC,27,831787,3.2
Surry County, NC,29,1307845,2.2
Union County, NC,41,3214288,1.3
Vance County, NC,19,799264,
Wake County, NC,187,14904569,1.3
Watauga County, NC,10,874021,
Wayne County, NC,34,2148322,1.6
Wilkes County, NC,25,1226772,2
Wilson County, NC,26,1412328,1.8
Yadkin County, NC,15,676512,
Barnes County, ND,20,201702,9.9
Bottineau County, ND,11,120221,
Burke County, ND,12,38070,
Burleigh County, ND,117,1427702,8.2
Cass County, ND,98,2602148,3.8
Emmons County, ND,11,67624,
Grand Forks County, ND,32,1211808,2.6
McHenry County, ND,15,102806,
McKenzie County, ND,13,130521,
McLean County, ND,12,165253,
Mercer County, ND,20,153409,13
Morton County, ND,46,486219,9.5
Mountrail County, ND,14,139547,
Pembina County, ND,19,138748,
Ramsey County, ND,11,208340,
Richland County, ND,19,304016,
Rolette County, ND,16,251529,
Stark County, ND,46,449260,10.2
Stutsman County, ND,27,382134,7.1
Walsh County, ND,16,206556,
Ward County, ND,78,1111709,7
Williams County, ND,45,426677,10.5
Adams County, OH,16,506912,
Allen County, OH,18,1917606,
Ashland County, OH,29,954652,3
Ashtabula County, OH,51,1825490,2.8
Athens County, OH,27,1154408,2.3
Auglaize County, OH,12,828647,
Belmont County, OH,14,1260445,
Brown County, OH,17,790110,
Butler County, OH,148,6436893,2.3
Carroll County, OH,25,517760,4.8
Champaign County, OH,26,710885,3.7
Clark County, OH,35,2516813,1.4
Clermont County, OH,51,3458885,1.5
Clinton County, OH,13,750649,
Columbiana County, OH,60,1955335,3.1
Coshocton County, OH,13,664813,
Cuyahoga County, OH,253,23619697,1.1
Defiance County, OH,15,702081,
Delaware County, OH,15,2837140,
Erie County, OH,13,1395436,
Fairfield County, OH,47,2524723,1.9
Fayette County, OH,19,516522,
Franklin County, OH,231,20639517,1.1
Fulton County, OH,10,765543,
Gallia County, OH,30,554987,5.4
Geauga County, OH,15,1675589,
Greene County, OH,23,2843591,0.8
Guernsey County, OH,11,725350,
Hamilton County, OH,860,14662081,5.9
Highland County, OH,20,769844,2.6
Hocking County, OH,35,519997,6.7
Holmes County, OH,17,753092,
Huron County, OH,32,1071351,3
Jackson County, OH,45,592497,7.6
Jefferson County, OH,11,1266273,
Knox County, OH,11,1061037,
Lake County, OH,51,4116664,1.2
Lawrence County, OH,26,1118918,2.3
Licking County, OH,50,2886918,1.7
Logan County, OH,20,825377,2.4
Lorain County, OH,28,5338542,0.5
Lucas County, OH,114,8010358,1.4
Madison County, OH,28,759970,3.7
Mahoning County, OH,177,4385591,4
Marion County, OH,42,1191491,3.5
Medina County, OH,32,3002352,1.1
Meigs County, OH,15,421994,
Miami County, OH,25,1832572,1.4
Monroe County, OH,13,266242,
Montgomery County, OH,143,9774930,1.5
Morgan County, OH,10,269812,
Morrow County, OH,22,614236,3.6
Muskingum County, OH,55,1540995,3.6
Ottawa County, OH,16,742934,
Perry County, OH,28,637612,4.4
Pickaway County, OH,18,982183,
Pike County, OH,13,509573,
Portage County, OH,17,2854654,
Preble County, OH,10,760034,
Richland County, OH,29,2261675,1.3
Ross County, OH,36,1373605,2.6
Sandusky County, OH,13,1099867,
Scioto County, OH,31,1411274,2.2
Seneca County, OH,19,1028202,
Stark County, OH,257,6771808,3.8
Summit County, OH,257,9771930,2.6
Trumbull County, OH,23,3854167,0.6
Tuscarawas County, OH,21,1659396,1.3
Union County, OH,26,880619,3
Van Wert County, OH,12,522497,
Warren County, OH,25,3582857,0.7
Washington County, OH,13,1118346,
Wayne County, OH,21,2052315,1
Williams County, OH,23,687362,3.3
Wood County, OH,42,2257643,1.9
Adair County, OK,22,394681,5.6
Atoka County, OK,20,251638,7.9
Beckham County, OK,45,385413,11.7
Blaine County, OK,19,201595,
Bryan County, OK,74,731244,10.1
Caddo County, OK,54,529554,10.2
Canadian County, OK,153,1960210,7.8
Carter County, OK,104,846189,12.3
Cherokee County, OK,54,824716,6.5
Choctaw County, OK,28,273302,10.2
Cleveland County, OK,296,4374707,6.8
Coal County, OK,15,105452,
Comanche County, OK,171,2147542,8
Craig County, OK,34,266930,12.7
Creek County, OK,129,1242817,10.4
Custer County, OK,41,488864,8.4
Delaware County, OK,68,720064,9.4
Dewey County, OK,10,85517,
Garfield County, OK,85,1071264,7.9
Garvin County, OK,65,491969,13.2
Grady County, OK,79,908699,8.7
Grant County, OK,10,84845,
Greer County, OK,10,109690,
Haskell County, OK,21,223590,9.4
Hughes County, OK,24,247637,9.7
Jackson County, OK,25,482082,5.2
Jefferson County, OK,10,116752,
Johnston County, OK,39,193795,20.1
Kay County, OK,61,838256,7.3
Kingfisher County, OK,20,264559,7.6
Kiowa County, OK,18,173669,
Latimer County, OK,21,194574,10.8
Le Flore County, OK,105,886722,11.8
Lincoln County, OK,74,603790,12.3
Logan County, OK,50,712523,7
Love County, OK,22,167180,13.2
McClain County, OK,49,586446,8.4
McCurtain County, OK,101,600598,16.8
McIntosh County, OK,46,357929,12.9
Major County, OK,15,136230,
Marshall County, OK,24,269835,8.9
Mayes County, OK,73,721869,10.1
Murray County, OK,37,237346,15.6
Muskogee County, OK,99,1259528,7.9
Noble County, OK,16,206756,
Nowata County, OK,13,190981,
Okfuskee County, OK,23,216741,10.6
Oklahoma County, OK,1100,12762215,8.6
Okmulgee County, OK,70,712347,9.8
Osage County, OK,73,840197,8.7
Ottawa County, OK,57,582549,9.8
Pawnee County, OK,32,298183,10.7
Payne County, OK,87,1349805,6.4
Pittsburg County, OK,92,803445,11.5
Pontotoc County, OK,59,656765,9
Pottawatomie County, OK,109,1236374,8.8
Pushmataha County, OK,28,205558,13.6
Rogers County, OK,101,1487115,6.8
Seminole County, OK,51,451797,11.3
Sequoyah County, OK,48,735456,6.5
Stephens County, OK,70,791477,8.8
Texas County, OK,23,366491,6.3
Tillman County, OK,10,149630,
Tulsa County, OK,811,10668444,7.6
Wagoner County, OK,110,1228060,9
Washington County, OK,61,905180,6.7
Washita County, OK,15,206669,
Woodward County, OK,28,356292,7.9
Baker County, OR,41,291981,14
Benton County, OR,93,1499531,6.2
Clackamas County, OR,537,6642147,8.1
Clatsop County, OR,62,660076,9.4
Columbia County, OR,110,857915,12.8
Coos County, OR,186,1133469,16.4
Crook County, OR,40,374206,10.7
Curry County, OR,103,398971,25.8
Deschutes County, OR,261,2664702,9.8
Douglas County, OR,297,1895664,15.7
Grant County, OR,22,133424,16.5
Harney County, OR,23,132156,17.4
Jackson County, OR,343,3569635,9.6
Jefferson County, OR,23,379225,6.1
Josephine County, OR,234,1458502,16
Klamath County, OR,191,1179104,16.2
Lake County, OR,21,139061,15.1
Lane County, OR,698,6186533,11.3
Lincoln County, OR,127,821132,15.5
Linn County, OR,173,2024937,8.5
Malheur County, OR,55,559999,9.8
Marion County, OR,491,5543853,8.9
Morrow County, OR,16,200790,
Multnomah County, OR,950,12889109,7.4
Polk County, OR,89,1288801,6.9
Tillamook County, OR,65,450799,14.4
Umatilla County, OR,145,1337061,10.8
Union County, OR,29,453328,6.4
Wallowa County, OR,21,125248,16.8
Wasco County, OR,41,443618,9.2
Washington County, OR,613,9199904,6.7
Yamhill County, OR,129,1706667,7.6
Adams County, PA,12,1774356,
Allegheny County, PA,282,22337751,1.3
Armstrong County, PA,11,1256272,
Beaver County, PA,45,3124695,1.4
Berks County, PA,283,7195736,3.9
Blair County, PA,25,2288424,1.1
Bucks County, PA,222,11117269,2
Butler County, PA,67,3263970,2.1
Cambria County, PA,37,2609512,1.4
Carbon County, PA,38,1130654,3.4
Chester County, PA,57,8655859,0.7
Clarion County, PA,31,725739,4.3
Clearfield County, PA,12,1476118,
Clinton County, PA,13,698496,
Columbia County, PA,13,1187836,
Crawford County, PA,110,1599133,6.9
Cumberland County, PA,155,4135848,3.7
Dauphin County, PA,24,4731133,0.5
Delaware County, PA,87,10016288,0.9
Erie County, PA,307,5029063,6.1
Fayette County, PA,44,2519470,1.7
Franklin County, PA,36,2576167,1.4
Greene County, PA,13,703048,
Huntingdon County, PA,17,823522,
Indiana County, PA,42,1594923,2.6
Lackawanna County, PA,18,3835161,
Lancaster County, PA,63,9107957,0.7
Lawrence County, PA,53,1649661,3.2
Lebanon County, PA,11,2330840,
Lehigh County, PA,72,6097790,1.2
Luzerne County, PA,45,5730946,0.8
Lycoming County, PA,36,2111368,1.7
Mercer County, PA,20,2113163,0.9
Monroe County, PA,78,2885466,2.7
Montgomery County, PA,95,14182987,0.7
Northampton County, PA,113,5192057,2.2
Northumberland County, PA,31,1692182,1.8
Perry County, PA,26,810698,3.2
Philadelphia County, PA,321,27374411,1.2
Pike County, PA,63,968203,6.5
Potter County, PA,10,318094,
Schuylkill County, PA,109,2658044,4.1
Somerset County, PA,10,1406359,
Susquehanna County, PA,11,767545,
Tioga County, PA,10,752143,
Washington County, PA,63,3710081,1.7
Wayne County, PA,11,911203,
Westmoreland County, PA,56,6572082,0.9
Wyoming County, PA,10,506212,
York County, PA,206,7522985,2.7
Kent County, RI,33,3008309,1.1
Newport County, RI,11,1508090,
Providence County, RI,96,11331376,0.8
Washington County, RI,33,2273202,1.5
Aiken County, SC,130,2787119,4.7
Anderson County, SC,79,3260672,2.4
Bamberg County, SC,13,287879,
Beaufort County, SC,29,2722733,1.1
Berkeley County, SC,46,3057469,1.5
Charleston County, SC,95,6203904,1.5
Cherokee County, SC,18,981827,
Chester County, SC,18,598140,
Chesterfield County, SC,15,812948,
Clarendon County, SC,17,609913,
Colleton County, SC,29,691020,4.2
Darlington County, SC,30,1225281,2.4
Dorchester County, SC,31,2246493,1.4
Florence County, SC,31,2399893,1.3
Georgetown County, SC,22,1067758,2.1
Greenville County, SC,388,7786713,5
Greenwood County, SC,12,1231253,
Hampton County, SC,17,376728,
Horry County, SC,62,4526574,1.4
Kershaw County, SC,22,1056746,2.1
Lancaster County, SC,30,1300476,2.3
Laurens County, SC,39,1214559,3.2
Lexington County, SC,61,4484017,1.4
Marion County, SC,11,605077,
Marlboro County, SC,15,512324,
Newberry County, SC,22,665949,3.3
Oconee County, SC,115,1292626,8.9
Orangeburg County, SC,61,1645841,3.7
Pickens County, SC,75,2097733,3.6
Richland County, SC,93,6590581,1.4
Saluda County, SC,16,351618,
Spartanburg County, SC,153,4956462,3.1
Sumter County, SC,36,1916095,1.9
Union County, SC,12,521224,
Williamsburg County, SC,27,626987,4.3
York County, SC,22,3748655,0.6
Beadle County, SD,24,309176,7.8
Brookings County, SD,28,557048,5
Brown County, SD,51,655988,7.8
Brule County, SD,10,93509,
Butte County, SD,26,175210,14.8
Charles Mix County, SD,26,165394,15.7
Clay County, SD,13,247996,
Codington County, SD,42,484734,8.7
Custer County, SD,17,143499,
Davison County, SD,41,348171,11.8
Dewey County, SD,15,101236,
Fall River County, SD,26,127841,20.3
Gregory County, SD,12,78821,
Hughes County, SD,30,304597,9.8
Kingsbury County, SD,12,95212,
Lake County, SD,19,204927,
Lawrence County, SD,53,421412,12.6
Lincoln County, SD,38,707989,5.4
Meade County, SD,61,458179,13.3
Minnehaha County, SD,245,2974218,8.2
Pennington County, SD,184,1762467,10.4
Roberts County, SD,23,181781,12.7
Shannon County, SD,25,241574,10.3
Todd County, SD,19,172152,
Union County, SD,13,248060,
Yankton County, SD,34,398819,8.5
Anderson County, TN,103,1325653,7.8
Bedford County, TN,16,772795,
Benton County, TN,10,295502,
Bledsoe County, TN,12,233571,
Blount County, TN,48,2128421,2.3
Bradley County, TN,34,1729409,2
Campbell County, TN,48,723406,6.6
Carter County, TN,101,1029561,9.8
Cheatham County, TN,19,687472,
Claiborne County, TN,23,562260,4.1
Cocke County, TN,30,627399,4.8
Coffee County, TN,14,927615,
Cumberland County, TN,27,962388,2.8
Davidson County, TN,159,11072491,1.4
DeKalb County, TN,27,331509,8.1
Dickson County, TN,42,860111,4.9
Fayette County, TN,16,637592,
Fentress County, TN,10,314349,
Franklin County, TN,15,731397,
Gibson County, TN,19,878012,
Giles County, TN,20,528179,3.8
Grainger County, TN,16,396362,
Greene County, TN,39,1202156,3.2
Grundy County, TN,21,249810,8.4
Hamblen County, TN,23,1098858,2.1
Hamilton County, TN,74,5925427,1.2
Hardeman County, TN,12,490817,
Hardin County, TN,20,464586,4.3
Hawkins County, TN,38,1002814,3.8
Henderson County, TN,23,486704,4.7
Henry County, TN,22,572298,3.8
Hickman County, TN,10,429441,
Humphreys County, TN,15,327413,
Jefferson County, TN,12,888712,
Johnson County, TN,10,323175,
Knox County, TN,299,7530932,4
Lauderdale County, TN,19,494200,
Lawrence County, TN,32,742725,4.3
Lincoln County, TN,12,586691,
McMinn County, TN,29,924490,3.1
McNairy County, TN,11,458543,
Madison County, TN,45,1729147,2.6
Marion County, TN,14,505289,
Marshall County, TN,22,528210,4.2
Maury County, TN,49,1403030,3.5
Monroe County, TN,19,772425,
Montgomery County, TN,53,2917778,1.8
Morgan County, TN,11,380911,
Obion County, TN,19,572339,
Overton County, TN,10,384356,
Polk County, TN,13,297444,
Putnam County, TN,32,1245839,2.6
Rhea County, TN,18,553174,
Roane County, TN,22,956808,2.3
Robertson County, TN,29,1125405,2.6
Rutherford County, TN,87,4354050,2
Scott County, TN,14,393310,
Sevier County, TN,28,1528198,1.8
Shelby County, TN,288,16561741,1.7
Smith County, TN,12,336420,
Sullivan County, TN,64,2792000,2.3
Sumner County, TN,31,2756798,1.1
Tipton County, TN,22,1039928,2.1
Unicoi County, TN,17,323985,
Warren County, TN,22,708225,3.1
Washington County, TN,71,2120191,3.3
Wayne County, TN,14,305216,
Weakley County, TN,30,620384,4.8
White County, TN,21,450712,4.7
Williamson County, TN,47,3049193,1.5
Wilson County, TN,38,1944056,2
Anderson County, TX,66,1025638,6.4
Andrews County, TX,20,263002,7.6
Angelina County, TX,36,1519542,2.4
Aransas County, TX,23,423120,5.4
Atascosa County, TX,22,787144,2.8
Austin County, TX,19,487026,
Bastrop County, TX,46,1267456,3.6
Bee County, TX,15,580495,
Bell County, TX,152,5183156,2.9
Bexar County, TX,346,29420227,1.2
Bosque County, TX,25,320891,7.8
Bowie County, TX,54,1640077,3.3
Brazoria County, TX,225,5301448,4.2
Brazos County, TX,86,3289064,2.6
Brown County, TX,27,682816,4
Burleson County, TX,12,306412,
Burnet County, TX,29,734305,3.9
Caldwell County, TX,22,664872,3.3
Calhoun County, TX,13,380712,
Callahan County, TX,14,239284,
Cameron County, TX,57,6933923,0.8
Cass County, TX,36,544265,6.6
Chambers County, TX,21,579111,3.6
Cherokee County, TX,63,889478,7.1
Collin County, TX,421,12841145,3.3
Colorado County, TX,18,371252,
Comal County, TX,49,1826969,2.7
Cooke County, TX,34,684409,5
Coryell County, TX,52,1338213,3.9
Dallas County, TX,604,42250638,1.4
Deaf Smith County, TX,10,340202,
Denton County, TX,178,10992761,1.6
Eastland County, TX,10,330816,
Ector County, TX,46,2428529,1.9
Ellis County, TX,50,2502671,2
El Paso County, TX,201,13732188,1.5
Erath County, TX,32,662646,4.8
Falls County, TX,16,321094,
Fannin County, TX,26,595112,4.4
Fayette County, TX,16,428191,
Fort Bend County, TX,394,9528536,4.1
Franklin County, TX,12,185082,
Freestone County, TX,16,343372,
Gaines County, TX,15,301471,
Galveston County, TX,252,5122702,4.9
Gillespie County, TX,25,425960,5.9
Gonzales County, TX,14,353188,
Gray County, TX,20,405476,4.9
Grayson County, TX,68,2128650,3.2
Gregg County, TX,76,2128761,3.6
Grimes County, TX,12,465307,
Guadalupe County, TX,106,2153730,4.9
Hale County, TX,16,644685,
Hamilton County, TX,10,149391,
Hardin County, TX,33,943923,3.5
Harris County, TX,942,70743826,1.3
Harrison County, TX,51,1159349,4.4
Haskell County, TX,16,106049,
Hays County, TX,51,2592000,2
Henderson County, TX,86,1392697,6.2
Hidalgo County, TX,132,12910286,1
Hill County, TX,35,616128,5.7
Hockley County, TX,10,414522,
Hood County, TX,56,874944,6.4
Hopkins County, TX,11,614730,
Houston County, TX,22,419118,5.2
Howard County, TX,23,623072,3.7
Hunt County, TX,49,1511245,3.2
Hutchinson County, TX,11,403097,
Jack County, TX,12,160946,
Jasper County, TX,29,639682,4.5
Jefferson County, TX,92,4521113,2
Jim Wells County, TX,23,730446,3.1
Johnson County, TX,82,2609421,3.1
Jones County, TX,31,363553,8.5
Kaufman County, TX,64,1702575,3.8
Kendall County, TX,28,564099,5
Kerr County, TX,49,860858,5.7
Kleberg County, TX,10,569787,
Lamar County, TX,49,887294,5.5
Lamb County, TX,10,255120,
Lampasas County, TX,12,348751,
Lavaca County, TX,19,347750,
Leon County, TX,21,294194,7.1
Liberty County, TX,42,1349638,3.1
Limestone County, TX,33,413818,8
Live Oak County, TX,26,212475,12.2
Llano County, TX,16,336048,
Lubbock County, TX,151,4850077,3.1
McLennan County, TX,118,4122239,2.9
Marion County, TX,15,192470,
Matagorda County, TX,24,667140,3.6
Maverick County, TX,13,940450,
Medina County, TX,21,797030,2.6
Midland County, TX,111,2408256,4.6
Milam County, TX,14,444236,
Montague County, TX,26,350738,7.4
Montgomery County, TX,252,7491529,3.4
Moore County, TX,11,379963,
Nacogdoches County, TX,19,1127472,
Navarro County, TX,37,847004,4.4
Newton County, TX,17,261093,
Nolan County, TX,17,272653,
Nueces County, TX,137,6015109,2.3
Orange County, TX,70,1499458,4.7
Palo Pinto County, TX,36,497639,7.2
Panola County, TX,15,421093,
Parker County, TX,71,1957174,3.6
Polk County, TX,55,810337,6.8
Potter County, TX,72,2140509,3.4
Rains County, TX,14,190337,
Randall County, TX,46,2096519,2.2
Red River County, TX,14,237347,
Robertson County, TX,11,295553,
Rockwall County, TX,27,1239034,2.2
Rusk County, TX,64,919256,7
San Augustine County, TX,10,159724,
San Jacinto County, TX,28,456328,6.1
San Patricio County, TX,32,1197602,2.7
Scurry County, TX,19,299572,
Shelby County, TX,23,457606,5
Smith County, TX,112,3596838,3.1
Somervell County, TX,12,143219,
Starr County, TX,18,1065233,
Tarrant County, TX,723,30922888,2.3
Taylor County, TX,79,2339293,3.4
Terry County, TX,11,227036,
Titus County, TX,18,550115,
Tom Green County, TX,86,1962628,4.4
Travis County, TX,379,17610849,2.2
Trinity County, TX,10,256724,
Tyler County, TX,17,381984,
Upshur County, TX,35,690654,5.1
Uvalde County, TX,21,476118,4.4
Val Verde County, TX,14,853672,
Van Zandt County, TX,56,927714,6
Victoria County, TX,70,1562732,4.5
Walker County, TX,48,1190457,4
Waller County, TX,29,726751,4
Washington County, TX,22,586679,3.7
Webb County, TX,85,4227976,2
Wharton County, TX,20,740463,2.7
Wichita County, TX,91,2363211,3.9
Williamson County, TX,148,6856343,2.2
Wilson County, TX,11,723682,
Wise County, TX,24,1023375,2.3
Wood County, TX,37,731285,5.1
Young County, TX,20,326272,6.1
Beaver County, UT,13,113321,
Box Elder County, UT,76,855761,8.9
Cache County, UT,94,1910108,4.9
Carbon County, UT,55,369947,14.9
Davis County, UT,304,5185259,5.9
Duchesne County, UT,46,311011,14.8
Emery County, UT,36,191880,18.8
Grand County, UT,20,160978,12.4
Iron County, UT,58,758033,7.7
Juab County, UT,17,171910,
Kane County, UT,16,120707,
Millard County, UT,26,222171,11.7
Salt Lake County, UT,1399,17934788,7.8
San Juan County, UT,12,261004,
Sanpete County, UT,46,468847,9.8
Sevier County, UT,34,361423,9.4
Summit County, UT,39,630248,6.2
Tooele County, UT,64,956937,6.7
Uintah County, UT,71,553344,12.8
Utah County, UT,476,8544325,5.6
Wasatch County, UT,39,392730,9.9
Washington County, UT,142,2277482,6.2
Weber County, UT,391,3971123,9.8
Addison County, VT,44,659157,6.7
Bennington County, VT,50,664032,7.5
Caledonia County, VT,57,552344,10.3
Chittenden County, VT,136,2776485,4.9
Essex County, VT,17,114301,
Franklin County, VT,68,851896,8
Grand Isle County, VT,11,126729,
Lamoille County, VT,42,433717,9.7
Orange County, VT,50,519511,9.6
Orleans County, VT,59,485285,12.2
Rutland County, VT,80,1115264,7.2
Washington County, VT,86,1061996,8.1
Windham County, VT,65,793844,8.2
Windsor County, VT,82,1022959,8
Accomack County, VA,79,628916,12.6
Albemarle County, VA,71,1703663,4.2
Alleghany County, VA,30,287446,10.4
Amelia County, VA,28,220281,12.7
Amherst County, VA,42,576804,7.3
Appomattox County, VA,31,261372,11.9
Arlington County, VA,64,3656669,1.8
Augusta County, VA,137,1280207,10.7
Bedford County, VA,73,1212553,6
Bland County, VA,15,122548,
Botetourt County, VA,32,580588,5.5
Brunswick County, VA,20,316502,6.3
Buchanan County, VA,51,445629,11.4
Buckingham County, VA,30,298385,10.1
Campbell County, VA,58,962840,6
Caroline County, VA,38,477451,8
Carroll County, VA,63,534356,11.8
Charles City County, VA,15,127689,
Charlotte County, VA,17,224666,
Chesterfield County, VA,265,5423445,4.9
Clarke County, VA,13,247370,
Craig County, VA,11,92627,
Culpeper County, VA,35,780609,4.5
Cumberland County, VA,11,172081,
Dickenson County, VA,54,285497,18.9
Dinwiddie County, VA,42,480959,8.7
Essex County, VA,21,192339,10.9
Fairfax County, VA,343,18955449,1.8
Fauquier County, VA,36,1136906,3.2
Floyd County, VA,22,267375,8.2
Fluvanna County, VA,20,436231,4.6
Franklin County, VA,60,957018,6.3
Frederick County, VA,34,1314902,2.6
Giles County, VA,21,304754,6.9
Gloucester County, VA,56,651569,8.6
Goochland County, VA,18,361743,
Grayson County, VA,36,288916,12.5
Greene County, VA,22,317123,6.9
Greensville County, VA,14,213707,
Halifax County, VA,59,652313,9
Hanover County, VA,117,1743999,6.7
Henrico County, VA,243,5317132,4.6
Henry County, VA,90,987678,9.1
Isle of Wight County, VA,60,604468,9.9
James City County, VA,53,1114408,4.8
King and Queen County, VA,18,123819,
King George County, VA,34,390545,8.7
King William County, VA,23,269525,8.5
Lancaster County, VA,15,204484,
Lee County, VA,42,446989,9.4
Loudoun County, VA,76,5026800,1.5
Louisa County, VA,49,556600,8.8
Lunenburg County, VA,18,231392,
Madison County, VA,17,234968,
Mathews County, VA,16,162019,
Mecklenburg County, VA,40,580165,6.9
Middlesex County, VA,18,189630,
Montgomery County, VA,63,1642219,3.8
Nelson County, VA,23,266299,8.6
New Kent County, VA,28,308031,9.1
Northampton County, VA,28,226055,12.4
Northumberland County, VA,12,222473,
Nottoway County, VA,21,283572,7.4
Orange County, VA,29,564013,5.1
Page County, VA,23,427028,5.4
Patrick County, VA,36,336411,10.7
Pittsylvania County, VA,93,1123918,8.3
Powhatan County, VA,37,476354,7.8
Prince Edward County, VA,28,393815,7.1
Prince George County, VA,40,636931,6.3
Prince William County, VA,128,6709363,1.9
Pulaski County, VA,43,626082,6.9
Richmond County, VA,12,163550,
Roanoke County, VA,103,1627582,6.3
Rockbridge County, VA,24,392905,6.1
Rockingham County, VA,70,1329341,5.3
Russell County, VA,51,516969,9.9
Scott County, VA,58,413189,14
Shenandoah County, VA,35,721283,4.9
Smyth County, VA,39,581140,6.7
Southampton County, VA,35,324192,10.8
Spotsylvania County, VA,90,2077470,4.3
Stafford County, VA,90,2176500,4.1
Sussex County, VA,18,217355,
Tazewell County, VA,68,794833,8.6
Warren County, VA,30,648426,4.6
Washington County, VA,66,962314,6.9
Westmoreland County, VA,19,308188,
Wise County, VA,50,737950,6.8
Wythe County, VA,27,514605,5.2
York County, VA,73,1141249,6.4
Alexandria city, VA,45,2468536,1.8
Bristol city, VA,10,314363,
Charlottesville city, VA,32,775968,4.1
Chesapeake city, VA,348,3921820,8.9
Colonial Heights city, VA,20,312698,6.4
Covington city, VA,17,108204,
Danville city, VA,48,803478,6
Franklin city, VA,16,151478,
Fredericksburg city, VA,19,425815,
Hampton city, VA,268,2513144,10.7
Harrisonburg city, VA,23,843015,2.7
Hopewell city, VA,27,402068,6.7
Lynchburg city, VA,37,1302444,2.8
Manassas city, VA,15,677091,
Martinsville city, VA,12,256730,
Newport News city, VA,425,3276214,13
Norfolk city, VA,634,4350733,14.6
Petersburg city, VA,47,586079,8
Poquoson city, VA,10,214557,
Portsmouth city, VA,298,1751084,17
Radford city, VA,14,295749,
Richmond city, VA,262,3683905,7.1
Roanoke city, VA,128,1731155,7.4
Salem city, VA,39,446144,8.7
Staunton city, VA,31,430461,7.2
Suffolk city, VA,148,1420674,10.4
Virginia Beach city, VA,621,7884843,7.9
Waynesboro city, VA,34,372452,9.1
Winchester city, VA,17,464050,
Adams County, WA,13,319660,
Asotin County, WA,32,383509,8.3
Benton County, WA,170,2998495,5.7
Chelan County, WA,108,1271894,8.5
Clallam County, WA,142,1251604,11.3
Clark County, WA,544,7327143,7.4
Cowlitz County, WA,128,1783519,7.2
Douglas County, WA,38,658295,5.8
Ferry County, WA,20,134800,14.8
Franklin County, WA,51,1253892,4.1
Grant County, WA,94,1517737,6.2
Grays Harbor County, WA,132,1269141,10.4
Island County, WA,113,1393092,8.1
Jefferson County, WA,57,519194,11
King County, WA,1765,34070779,5.2
Kitsap County, WA,325,4434249,7.3
Kittitas County, WA,42,700394,6
Klickitat County, WA,34,359730,9.5
Lewis County, WA,82,1316674,6.2
Lincoln County, WA,14,186336,
Mason County, WA,109,1023687,10.6
Okanogan County, WA,75,722805,10.4
Pacific County, WA,58,376887,15.4
Pend Oreille County, WA,22,226307,9.7
Pierce County, WA,916,13949796,6.6
San Juan County, WA,24,275718,8.7
Skagit County, WA,145,2038872,7.1
Skamania County, WA,20,192045,10.4
Snohomish County, WA,729,12381880,5.9
Spokane County, WA,581,8198426,7.1
Stevens County, WA,101,761597,13.3
Thurston County, WA,348,4315381,8.1
Wahkiakum County, WA,14,70585,
Walla Walla County, WA,52,1036841,5
Whatcom County, WA,274,3454702,7.9
Whitman County, WA,33,791186,4.2
Yakima County, WA,367,4240096,8.7
Barbour County, WV,22,290519,7.6
Berkeley County, WV,78,1736025,4.5
Boone County, WV,41,445816,9.2
Braxton County, WV,14,262198,
Brooke County, WV,30,438595,6.8
Cabell County, WV,95,1729431,5.5
Calhoun County, WV,17,135549,
Clay County, WV,24,173473,13.8
Doddridge County, WV,15,143021,
Fayette County, WV,62,831704,7.5
Grant County, WV,26,210236,12.4
Greenbrier County, WV,45,633250,7.1
Hampshire County, WV,35,406419,8.6
Hancock County, WV,27,560318,4.8
Hardy County, WV,21,243369,8.6
Harrison County, WV,79,1232640,6.4
Jackson County, WV,37,518541,7.1
Jefferson County, WV,34,906126,3.8
Kanawha County, WV,256,3485404,7.3
Lewis County, WV,17,297767,
Lincoln County, WV,37,393192,9.4
Logan County, WV,55,655313,8.4
McDowell County, WV,53,416355,12.7
Marion County, WV,44,1015693,4.3
Marshall County, WV,23,605867,3.8
Mason County, WV,34,481473,7.1
Mercer County, WV,115,1114532,10.3
Mineral County, WV,27,495665,5.4
Mingo County, WV,37,483271,7.7
Monongalia County, WV,72,1668691,4.3
Monroe County, WV,13,243948,
Morgan County, WV,17,300883,
Nicholas County, WV,42,470106,8.9
Ohio County, WV,28,808177,3.5
Pocahontas County, WV,19,159351,
Preston County, WV,48,579199,8.3
Putnam County, WV,45,979807,4.6
Raleigh County, WV,140,1412910,9.9
Randolph County, WV,39,521397,7.5
Ritchie County, WV,15,185815,
Roane County, WV,24,270768,8.9
Summers County, WV,22,246611,8.9
Taylor County, WV,24,298361,8
Tucker County, WV,16,128465,
Tyler County, WV,12,167661,
Upshur County, WV,26,432340,6
Wayne County, WV,45,761351,5.9
Webster County, WV,17,166929,
Wetzel County, WV,12,301465,
Wood County, WV,77,1564635,4.9
Wyoming County, WV,39,431713,9
Adams County, WI,39,368220,10.6
Ashland County, WI,29,293725,9.9
Barron County, WI,75,820940,9.1
Bayfield County, WI,29,271393,10.7
Brown County, WI,260,4378075,5.9
Buffalo County, WI,23,245188,9.4
Burnett County, WI,36,281898,12.8
Calumet County, WI,45,839555,5.4
Chippewa County, WI,96,1084616,8.9
Clark County, WI,50,617197,8.1
Columbia County, WI,86,997764,8.6
Crawford County, WI,23,301999,7.6
Dane County, WI,464,8554158,5.4
Dodge County, WI,98,1583489,6.2
Door County, WI,41,503013,8.2
Douglas County, WI,65,786961,8.3
Dunn County, WI,57,768278,7.4
Eau Claire County, WI,111,1753687,6.3
Fond du Lac County, WI,140,1803091,7.8
Forest County, WI,25,171906,14.5
Grant County, WI,68,912235,7.5
Green County, WI,52,643932,8.1
Green Lake County, WI,30,343405,8.7
Iowa County, WI,28,421839,6.6
Iron County, WI,12,112245,
Jackson County, WI,39,360703,10.8
Jefferson County, WI,99,1460152,6.8
Juneau County, WI,48,467776,10.3
Kenosha County, WI,158,2906835,5.4
Kewaunee County, WI,16,368793,
La Crosse County, WI,140,2025169,6.9
Lafayette County, WI,27,299652,9
Langlade County, WI,40,362797,11
Lincoln County, WI,52,522564,10
Manitowoc County, WI,97,1466783,6.6
Marathon County, WI,168,2363684,7.1
Marinette County, WI,85,759006,11.2
Marquette County, WI,28,274516,10.2
Milwaukee County, WI,1818,16985039,10.7
Monroe County, WI,68,783097,8.7
Oconto County, WI,64,668415,9.6
Oneida County, WI,62,654127,9.5
Outagamie County, WI,176,3112739,5.7
Ozaukee County, WI,75,1539075,4.9
Pepin County, WI,11,133522,
Pierce County, WI,35,712533,4.9
Polk County, WI,88,780604,11.3
Portage County, WI,86,1242157,6.9
Price County, WI,36,262995,13.7
Racine County, WI,218,3476163,6.3
Richland County, WI,21,323470,6.5
Rock County, WI,200,2842708,7
Rusk County, WI,29,266818,10.9
St. Croix County, WI,74,1412372,5.2
Sauk County, WI,93,1079577,8.6
Sawyer County, WI,41,296552,13.8
Shawano County, WI,69,744682,9.3
Sheboygan County, WI,115,2060767,5.6
Taylor County, WI,34,365464,9.3
Trempealeau County, WI,38,510488,7.4
Vernon County, WI,53,528047,10
Vilas County, WI,38,388397,9.8
Walworth County, WI,129,1796774,7.2
Washburn County, WI,39,286808,13.6
Washington County, WI,142,2295713,6.2
Waukesha County, WI,336,6880598,4.9
Waupaca County, WI,66,940621,7
Waushara County, WI,42,436084,9.6
Winnebago County, WI,188,2950956,6.4
Wood County, WI,111,1343310,8.3
Albany County, WY,20,629712,3.2
Big Horn County, WY,11,207508,
Campbell County, WY,79,753603,10.5
Converse County, WY,31,237044,13.1
Crook County, WY,12,119029,
Fremont County, WY,57,690819,8.3
Goshen County, WY,19,232420,
Johnson County, WY,17,144371,
Laramie County, WY,115,1603975,7.2
Natrona County, WY,124,1322892,9.4
Park County, WY,66,493241,13.4
Sheridan County, WY,21,508070,4.1
Sublette County, WY,17,152336,
Sweetwater County, WY,79,744293,10.6
Teton County, WY,10,370315,
Uinta County, WY,16,365327,
Weston County, WY,11,124602,
